epoch,test_loss,test_accuracy
29,0.14484969362704828,0.9512837393021725
