epoch,test_loss,test_accuracy
29,0.2054627452479765,0.9111257406188282
