epoch,runtime
0,105.1804780960083
1,83.78353786468506
2,85.95603609085083
3,87.31470131874084
4,87.21482706069946
5,87.24538469314575
6,87.3343608379364
7,87.0596718788147
8,87.02882027626038
9,87.0809588432312
10,87.04690766334534
11,87.2915096282959
12,87.52002549171448
13,87.59675288200378
14,87.82910990715027