epoch,runtime
0,82.91580510139465
1,82.43544840812683
2,84.97712278366089
3,86.40289306640625
4,86.01713705062866
5,85.82375407218933
6,87.03830671310425
7,86.92371559143066
8,86.56386256217957
9,86.05574107170105
10,86.02183890342712
11,85.73622751235962
12,85.71865200996399
13,86.46962404251099
14,85.05680274963379
