epoch,test_loss,test_accuracy
14,0.8191211921671177,0.6672152732060567
