epoch,runtime
0,83.29568767547607
1,82.89556789398193
2,85.38299322128296
3,86.82062649726868
4,86.33161187171936
5,85.4389660358429
6,85.75112247467041
7,86.02390789985657
8,85.99835252761841
9,86.0336742401123
10,85.85954904556274
11,87.09050011634827
12,86.09188628196716
13,86.12117004394531
14,87.24890565872192
