epoch,test_loss,test_accuracy
14,0.7119274187276362,0.8429888084265964
