epoch,test_loss,test_accuracy
14,0.3411508314581275,0.8880842659644503
