epoch,test_phase,test_loss,test_accuracy,time_elapsed
11,1,0.4151125437064419,0.7896642527978933,619.2212500572205
16,2,0.39484929814787584,0.8087557603686636,909.0323059558868
22,3,0.37678919601118666,0.8067807768268598,1255.0990688800812
