epoch,test_phase,test_loss,test_accuracy,time_elapsed
11,1,1.0986120689064363,0.6869651086240948,623.5176129341125
16,2,1.0986120689064363,0.6869651086240948,913.1201975345612
21,3,1.0986120689064363,0.6869651086240948,1202.834114074707
