epoch,test_phase,test_loss,test_accuracy,time_elapsed
11,1,0.37139216608872455,0.8008558262014484,617.5800874233246
16,2,0.32714642803083527,0.8057932850559578,906.8749730587006
22,3,0.2869020956001288,0.8127057274522712,1253.3337051868439
