epoch,test_phase,test_loss,test_accuracy,time_elapsed
11,1,0.05784628557383406,0.97761685319289,644.886467218399
16,2,0.055784528974475556,0.978275181040158,944.7790229320526
21,3,0.041704401788329355,0.9855167873601053,1247.1358222961426
