epoch,test_phase,test_loss,test_accuracy,time_elapsed
11,1,0.05278175140266908,0.9805793285055958,647.348822593689
16,2,0.05012426877834535,0.9812376563528638,953.6605741977692
21,3,0.06996020422718832,0.9772876892692561,1256.9994554519653
