epoch,test_phase,test_loss,test_accuracy,time_elapsed
11,1,0.3360660518761761,0.8617511520737328,645.5494916439056
16,2,0.20676418936825489,0.9193548387096774,944.9898822307587
21,3,0.1521837533383561,0.9400921658986175,1243.006291627884
