epoch,test_phase,test_loss,test_accuracy,time_elapsed
5,1,0.7283903841834228,0.6902567478604344,712.9686734676361
7,2,0.5400105601592312,0.7600394996708361,1002.2123460769653
9,3,0.4749628908152326,0.782422646477946,1291.7369828224182
