epoch,val_loss,val_accuracy
0,0.7239552172793884,0.6824613359657782
1,0.6196539608927768,0.7403751233958539
2,0.6893704844642996,0.7110891740704179
3,0.9784131829540131,0.5932872655478776
4,0.7134890883876603,0.6837775584073709
5,0.4795606121219825,0.7808489634748272
6,0.5334259465106344,0.7696610727212899
7,0.3883010711313745,0.8298782494241527
8,0.4829764716834683,0.788746298124383
