epoch,test_phase,test_loss,test_accuracy,time_elapsed
5,1,0.12080781943139628,0.9499670836076366,703.9647853374481
7,2,0.08875950227704309,0.9693877551020408,994.9834661483765
9,3,0.07783486442474882,0.9710335747202107,1286.094566822052
