epoch,val_loss,val_accuracy
0,0.5010314116100607,0.7716354063836789
1,0.36808752708134584,0.8121092464626521
2,0.3403157716952252,0.8736426456071076
3,0.2530492986550885,0.8960184271141823
4,0.21585674735914528,0.9091806515301086
5,0.174083801656324,0.9391247120763409
6,0.1663055661066695,0.9407699901283317
7,0.10028502118307024,0.9651201052977953
8,0.16100217901138383,0.9407699901283317
