epoch,test_phase,test_loss,test_accuracy,time_elapsed
5,1,0.2143719803353059,0.9094799210006583,704.56139087677
7,2,0.1588769945376715,0.9420671494404214,996.0111026763916
9,3,0.16585142226733998,0.9397630019749835,1287.406474351883
