epoch,val_loss,val_accuracy
0,0.4171140371046791,0.8140835801250411
1,0.23099659299450354,0.9091806515301086
2,0.16258010879409043,0.9361632115827575
3,0.17743437070008483,0.9253043764396183
4,0.12128279616798214,0.9512997696610728
5,0.09232231013307685,0.9670944389601843
6,0.08842573049390892,0.9690687726225732
7,0.08400220271872921,0.9664363277393879
8,0.06276587061228506,0.9782823297137216
