epoch,runtime
0,56.86334729194641
1,58.76684498786926
2,59.58087515830994
3,61.06933832168579
4,61.0556366443634
5,60.99486994743347
6,61.19776749610901
7,60.95888924598694
8,61.06367063522339
9,61.05806255340576
10,61.50953650474548
11,61.98639249801636
12,60.86684226989746
13,60.929107427597046
14,60.963752031326294
