epoch,test_loss,test_accuracy
14,0.046505118907233696,0.9851876234364714
