epoch,test_loss,test_accuracy
14,0.035134401551304956,0.9861751152073732
