epoch,test_loss,test_accuracy
14,0.10530039430684836,0.9585253456221198
