epoch,test_loss,test_accuracy
14,0.20952652591949547,0.8354180381830152
