epoch,runtime
0,47.58134174346924
1,47.49435114860535
2,47.76962947845459
3,47.64724922180176
4,47.569085121154785
5,47.65014839172363
6,47.66868782043457
7,47.710352182388306
8,47.79429507255554
9,47.80988073348999
10,47.79215741157532
11,47.82879281044006
12,47.570427656173706
13,47.89690923690796
14,47.876450061798096
