epoch,test_loss,test_accuracy
14,0.7032257003698638,0.771560236998025
