epoch,test_loss,test_accuracy
14,0.05948828548251837,0.9815668202764977
