epoch,test_loss,test_accuracy
14,0.06905269594967287,0.9766293614219882
