epoch,runtime
0,49.094359397888184
1,48.6668746471405
2,50.33821487426758
3,51.32449460029602
4,51.372974157333374
5,51.42663621902466
6,51.53763818740845
7,51.483362913131714
8,51.191285371780396
9,50.77467584609985
10,50.50330209732056
11,50.513572216033936
12,51.003830432891846
13,50.48463678359985
14,50.65831422805786
