epoch,runtime
0,47.72837495803833
1,47.643239974975586
2,50.209044218063354
3,51.30382823944092
4,50.90256333351135
5,50.29698038101196
6,50.93750548362732
7,50.54305076599121
8,50.68782687187195
9,51.68255972862244
10,51.38514232635498
11,51.3835883140564
12,51.36324405670166
13,51.43608832359314
14,52.51659607887268