epoch,test_loss,test_accuracy
14,0.04409800430084134,0.9838709677419355
