epoch,test_loss,test_accuracy
14,0.16205089520160268,0.9325213956550362
