epoch,test_loss,test_accuracy
14,0.1354620062339612,0.9479921000658328
