epoch,test_loss,test_accuracy
14,0.6361769763280719,0.8252139565503621
