epoch,test_loss,test_accuracy
14,0.050026244231897644,0.9835418038183015
