dice_avg_class_0,iou_avg_class_0,precision_avg_class_0,recall_avg_class_0,dice_avg_class_1,iou_avg_class_1,precision_avg_class_1,recall_avg_class_1,dice_avg_class_2,iou_avg_class_2,precision_avg_class_2,recall_avg_class_2
0.9990889489148084,0.9981800354895214,0.9996688315950848,0.9985100183392721,0.9313080924599332,0.8775652470691668,0.9269502766130855,0.9365926525459112,0.7167749242679056,0.5879289864702362,0.6192583471354457,0.8658467697006219
