epoch,runtime
0,461.4728946685791
1,467.0747900009155
2,468.0969502925873
3,468.0869474411011
4,470.07267451286316
5,469.14871621131897
