epoch,dice_avg_class_0,iou_avg_class_0,precision_avg_class_0,recall_avg_class_0,dice_avg_class_1,iou_avg_class_1,precision_avg_class_1,recall_avg_class_1,dice_avg_class_2,iou_avg_class_2,precision_avg_class_2,recall_avg_class_2
0,0.9943544661131354,0.9887835650235928,0.9991556516294017,0.9896086218914323,0.7262851340870152,0.5782448123633972,0.6711098049796433,0.8060980376517063,0.29232793171225846,0.1818268711933242,0.19335617419673826,0.7245184812283076
1,0.9961267702335465,0.9922897451555494,0.9995183496977097,0.9927633923961795,0.8047129934988738,0.686901142297424,0.7337117894673034,0.9014074692540377,0.4655438125974819,0.3254269610567531,0.3434921083267553,0.7998825479467788
2,0.9972457907369513,0.994511078719578,0.9997775841250887,0.9947307911094765,0.8520518426736852,0.7557482052045625,0.7745785600420583,0.956240512383242,0.6531858882485683,0.5302992424875915,0.6187573214170934,0.7090935682137104
3,0.998844099269218,0.9976916569763894,0.9996273281313989,0.9980625981768186,0.9113876035220032,0.8462522737875987,0.8896197414051953,0.9378453215642988,0.7033810551082016,0.5770009081480703,0.629342566082818,0.8107736609146193
4,0.9990000525961185,0.9980025399365975,0.9997757653890873,0.9982258947606492,0.9323797418035866,0.8757511295803784,0.9092133883416699,0.9582561085812379,0.7647907190997849,0.6438624598037852,0.7023784141223179,0.8549536076244438
5,0.9990995751912732,0.9982011994913277,0.9996900073677034,0.9985100841366837,0.9338211758926198,0.881712949252578,0.9294285436374566,0.9392094844978371,0.7195759656729735,0.5918261450315739,0.6224079469394774,0.8666577366660175
