epoch,test_loss,test_accuracy
14,0.04384925581178848,0.9835418038183015
