epoch,test_loss,test_accuracy
14,0.15245978682350375,0.9410796576695194
