epoch,test_loss,test_accuracy
14,0.04330785635434498,0.9842001316655694
