epoch,time
0,54.86730647087097
1,52.67048120498657
2,56.29786443710327
3,56.31683611869812
4,56.36626577377319
5,56.56215238571167
6,56.22349190711975
7,56.280110597610474
8,56.094733238220215
9,56.442989110946655
10,57.548224687576294
11,56.445762157440186
12,57.659663677215576
13,56.36458659172058
14,56.36146378517151
