epoch,time
0,52.38213300704956
1,52.439823389053345
2,54.81186389923096
3,56.689420223236084
4,57.634538888931274
5,57.92693376541138
6,56.8555064201355
7,56.19493007659912
8,56.15315365791321
9,55.99131464958191
10,56.0843026638031
11,56.4084792137146
12,55.98790407180786
13,56.181191205978394
14,55.99828743934631
