epoch,time
0,54.46395421028137
1,53.1220006942749
2,55.49513053894043
3,57.07842755317688
4,58.34373617172241
5,57.18073296546936
6,57.25269317626953
7,56.854873180389404
8,56.68712639808655
9,56.22407078742981
10,56.24191188812256
11,56.123475074768066
12,56.1652090549469
13,56.15596866607666
14,56.11766719818115
