epoch,test_loss,test_accuracy
14,0.039732865367509015,0.9868334430546412
