epoch,test_loss,test_accuracy
14,0.21087141126060738,0.8331138907175774
