epoch,time
0,42.77978563308716
1,43.412450075149536
2,42.53940463066101
3,42.55728602409363
4,42.61602759361267
5,42.62248134613037
6,42.774250745773315
7,44.366729736328125
8,42.65849256515503
9,42.619224548339844
10,43.30728626251221
11,42.377856731414795
12,42.501842975616455
13,42.49848937988281
14,42.52463960647583
