epoch,time
0,52.97071719169617
1,52.84720754623413
2,52.98165512084961
3,52.907010316848755
4,53.019928216934204
5,52.910649061203
6,52.91140604019165
7,53.183093547821045
8,52.941760778427124
9,52.79656982421875
10,53.85356044769287
11,53.64904594421387
12,53.2507266998291
13,53.25816869735718
14,53.1815984249115
