epoch,test_loss,test_accuracy
14,1.0986120689064363,0.6869651086240948
