epoch,time
0,42.746742248535156
1,42.788705348968506
2,42.385358810424805
3,42.61690592765808
4,42.57953667640686
5,42.503342628479004
6,42.88339638710022
7,42.92419743537903
8,42.84611129760742
9,42.73878240585327
10,42.561429262161255
11,43.349926710128784
12,42.81850004196167
13,42.80833125114441
14,42.67699599266052
