epoch,test_loss,test_accuracy
14,0.30196006000630554,0.880513495720869
