epoch,test_loss,test_accuracy
14,0.311778799346829,0.8607636603028308
