epoch,test_loss,test_accuracy
14,0.08484563095111294,0.9749835418038183
