epoch,test_loss,test_accuracy
14,0.047187474995871136,0.9835418038183015
