epoch,time
0,85.28043508529663
1,83.35684585571289
2,85.69443011283875
3,87.03538012504578
4,86.81263279914856
5,86.6808614730835
6,86.95253682136536
7,87.26683187484741
8,87.015451669693
9,87.24495601654053
10,87.83896923065186
11,87.61209869384766
12,87.2223391532898
13,87.37331914901733
14,87.36431813240051
