epoch,test_phase,test_loss,test_accuracy,time_elapsed
9,1,0.08821998368715714,0.9720210664911125,624.0717482566833
13,2,0.09922047341003318,0.966754443712969,913.2474417686462
17,3,0.07596225561322724,0.9723502304147466,1201.6385111808777
