epoch,test_phase,test_loss,test_accuracy,time_elapsed
8,1,0.2845483982029363,0.8831468071099408,604.2728705406189
13,2,0.3915878235312808,0.8225806451612904,961.3184475898743
17,3,0.19580818297754707,0.9233048057932851,1248.0636110305786
