epoch,test_phase,test_loss,test_accuracy,time_elapsed
9,1,0.25808443149663335,0.8930217248189598,626.9201645851135
13,2,0.18374178082319842,0.9315339038841343,913.9852437973022
17,3,0.12287579696819216,0.9552337063857801,1200.7133476734161
